Date,Category,Publisher,Heading,URL,,,,,,,
2020-01-01,Violent Crime,The Star,"With 292 people shot, 2019 comes to a close as Toronto’s bloodiest year on record for overall gun violence",https://www.thestar.com/news/gta/2019/12/31/with-291-people-shot-2019-is-closing-as-torontos-bloodiest-year-on-record-for-overall-gun-violence.html,,,,,,,
2020-01-01,Violent Crime,The Star,Two men shot overnight in North York,https://www.thestar.com/news/crime/2019/12/31/two-men-shot-overnight-in-north-york.html,,,,,,,
2020-01-01,Violent Crime,The Star,Six arrested after downtown home invasion on Boxing Day,https://www.thestar.com/news/gta/2019/12/31/six-arrested-after-downtown-home-invasion-on-boxing-day.html,,,,,,,
2020-01-04,Violent Crime,The Star,"Toronto police ID last homicide victim of 2019, a man shot on New Year’s Eve in Scarborough parking lot",https://www.thestar.com/news/crime/2020/01/02/toronto-police-id-last-homicide-victim-of-2019-a-man-shot-on-new-years-eve-in-scarborough-parking-lot.html,,,,,,,
2020-01-04,Traffic,The Star,"SIU clears police after a car they initially chased collides with another vehicle, killing 77-year-old man",https://www.thestar.com/news/gta/2020/01/02/siu-clears-police-after-77-year-old-man-killed-in-scarborough-crash.html,,,,,,,
2020-01-05,Traffic,The Star,Man dead following hit-and-run at Jarvis and Gerrard,https://www.thestar.com/news/gta/2020/01/04/man-in-critical-condition-following-alleged-hit-and-run-at-jarvis-and-gerrard.html,,,,,,,
2020-01-07,Community Policing & Demographics,The Star,"Mornelle Court residents took ‘our community back’ from gun violence. Now grades are up, crime is down and police services are taking note",https://www.thestar.com/news/gta/2020/01/06/mornelle-court-residents-took-our-community-back-from-gun-violence-now-grades-are-up-crime-is-down-and-police-services-are-taking-note.html,,,,,,,
2020-01-07,Community Policing & Demographics,The Star,Do you recognize this dog? She was found zipped into a suitcase and left for dead near Lambton Arena,https://www.thestar.com/news/gta/2020/01/06/dog-rescued-after-she-was-abandoned-zipped-shut-in-suitcase-near-lambton-arena.html,,,,,,,
2020-01-07,Community Policing & Demographics,The Star,City hall security upgrades could include metal detectors,https://www.thestar.com/news/gta/2020/01/06/city-hall-security-upgrades-could-include-metal-detectors.html,,,,,,,
2020-01-07,Race-Based Data Collection,The Star,"Black youth more likely to be charged and less likely to be cautioned for minor crimes, study of Durham police data finds",https://www.thestar.com/news/gta/2020/01/06/black-youth-more-likely-to-be-charged-and-less-likely-to-be-cautioned-for-minor-crimes-study-of-durham-police-data-finds.html,,,,,,,
2020-01-07,Community Policing & Demographics,The Star,"Crime Stoppers stops giving rewards, says will invest in communities instead",https://www.thestar.com/news/gta/2020/01/06/crime-stoppers-stops-giving-rewards-says-will-invest-in-communities-instead.html,,,,,,,
2020-01-08,Violent Crime,The Star,Toronto police arrest three Brampton teens after a spree of carjackings across GTA,https://www.thestar.com/news/crime/2020/01/07/toronto-police-arrest-three-brampton-teens-after-a-spree-of-carjackings-across-gta.html,,,,,,,
2020-01-08,Traffic,The Star,Weekend hit-and-run deaths raise a question: Why don’t Toronto police name traffic victims?,https://www.thestar.com/news/gta/2020/01/07/weekend-hit-and-run-deaths-raise-a-question-why-dont-toronto-police-name-traffic-victims.html,,,,,,,
2020-01-09,Traffic,The Star,Toronto police release video in investigation into pedestrian death,https://www.thestar.com/news/gta/2020/01/08/toronto-police-release-video-in-investigation-into-pedestrian-death.html,,,,,,,
2020-01-11,Violent Crime,The Star,"Man killed outside Scarborough building was ‘heart of my family,’ sister says",https://www.thestar.com/news/gta/2020/01/10/man-killed-outside-scarborough-building-was-heart-of-my-family-sister-says.html,,,,,,,
2020-01-11,Persons in Crisis,The Star,Toronto police arrest man after photo shows swastika drawn on patient’s head at care facility,https://www.thestar.com/news/gta/2020/01/10/toronto-police-arrest-man-after-photo-shows-swastika-drawn-on-patients-head-at-care-facility.html,,,,,,,
2020-01-12,Violent Crime,The Star,Man dead after overnight shooting in Scarborough,https://www.thestar.com/news/gta/2020/01/11/man-has-life-threatening-injuries-after-overnight-shooting-in-scarborough.html,,,,,,,
2020-01-12,Violent Crime,The Star,"Man arrested after committing ‘indecent act’ inside York children’s store, Toronto police say",https://www.thestar.com/news/gta/2020/01/12/man-arrested-after-committing-indecent-act-inside-york-childrens-store-toronto-police-say.html,,,,,,,
2020-01-13,Community Policing & Demographics,The Star,Fire at Bloor and Sherbourne streets closes bridge to cars pending assessment,https://www.thestar.com/news/gta/2020/01/12/bloor-street-fire-closes-bridge-off-to-cars-pending-assessment.html,,,,,,,
2020-01-13,Community Policing & Demographics,The Star,"Despite touting new investments, Toronto’s proposed 2020 budget has little new money for youth gun violence programs",https://www.thestar.com/news/gta/2020/01/13/despite-touting-new-investments-torontos-proposed-2020-budget-has-little-new-money-for-youth-gun-violence-programs.html,,,,,,,
2020-01-13,Traffic,The Star,Pedestrians who are killed are not statistics. We should know their names,https://www.thestar.com/opinion/editorials/2020/01/13/pedestrians-who-are-killed-are-not-statistics-we-should-know-their-names.html,,,,,,,
2020-01-14,Violent Crime,The Star,"Toronto police charge three men with murder in New Year’s Eve killing of Clinton Phil Williams, 43",https://www.thestar.com/news/gta/2020/01/13/toronto-police-charge-three-men-with-murder-in-new-years-eve-killing-of-clinton-phil-williams-43.html,,,,,,,
2020-01-14,Violent Crime,The Star,Man arrested after four firearms found in vehicle near Yonge and Eglinton last month,https://www.thestar.com/news/crime/2020/01/13/man-arrested-after-four-firearms-found-in-vehicle-near-yonge-and-eglinton-last-month.html,,,,,,,
2020-01-14,Violent Crime,The Star,Toronto doctor accused of sexually assaulting woman during physical exam,https://www.thestar.com/news/crime/2020/01/13/toronto-doctor-accused-of-sexually-assaulting-woman-during-physical-exam.html,,,,,,,
2020-01-14,Community Policing & Demographics,The Star,"Toronto police officer charged with assault, accused of using ‘excessive force’ during arrest",https://www.thestar.com/news/gta/2020/01/13/toronto-police-officer-charged-with-assault-accused-of-using-excessive-force-during-arrest.html,,,,,,,
2020-01-14,Missing Persons,The Star,Pretrial motions begin in Tess Richey murder case,https://www.thestar.com/news/gta/2020/01/13/pretrial-motions-begin-in-tess-richey-murder-case.html,,,,,,,
2020-01-15,Violent Crime,The Star,"Police identify woman killed in Scarborough fire as Maryna Kudzianiuk, 49, calling her death a homicide",https://www.thestar.com/news/gta/2020/01/14/police-identify-woman-killed-in-scarborough-fire-as-maryna-kudzianiuk-49-saying-her-death-was-homicide.html,,,,,,,
2020-01-15,Community Policing & Demographics,The Star,Sentencing hearing adjourned after ‘chair girl’ denies posting video on Snapchat,https://www.thestar.com/news/gta/2020/01/14/sentencing-hearing-adjourned-after-chair-girl-denies-posting-video-on-snapchat.html,,,,,,,
2020-01-16,Violent Crime,The Star,Man charged with first-degree murder in December homicide outside Scarborough building,https://www.thestar.com/news/crime/2020/01/15/man-charged-with-first-degree-murder-in-december-homicide-outside-scarborough-building.html,,,,,,,
2020-01-16,Violent Crime,The Star,"Barry and Honey Sherman were murdered within hours of arriving home, Toronto police say",https://www.thestar.com/news/canada/2020/01/15/barry-and-honey-sherman-were-murdered-within-hours-of-arriving-home-toronto-police-say.html,,,,,,,
2020-01-17,Violent Crime,The Star,"Prosecutor hopes to confirm trial start date for Alek Minassian, driver in Yonge Street van attack",https://www.thestar.com/news/gta/2020/01/16/prosecutor-hopes-to-confirm-trial-start-date-for-alek-minassian-driver-in-yonge-street-van-attack.html,,,,,,,
2020-01-17,Violent Crime,The Star,Police warn of food robberies targeting delivery people in Scarborough,https://www.thestar.com/news/canada/2020/01/16/food-delivery-people-targeted-in-string-of-robberies-in-east-toronto-police-says.html,,,,,,,
2020-01-17,Violent Crime,The Star,Brampton homicide victim identified as woman who went missing in Toronto,https://www.thestar.com/news/crime/2020/01/16/brampton-homicide-victim-identified-as-woman-who-went-missing-in-toronto.html,,,,,,,
2020-01-17,Community Policing & Demographics,The Star,Teen charged after hackers target Toronto cybersecurity experts in $50-million scam,https://www.thestar.com/news/gta/2020/01/16/teen-charged-after-hackers-target-toronto-cybersecurity-experts-in-50-million-scam.html,,,,,,,
2020-01-18,Violent Crime,The Star,Barry and Honey Sherman murder investigation has interviewed few witnesses in almost 2 years. Cops are focused on reviewing video and data to catch the killer,https://www.thestar.com/news/canada/2020/01/17/barry-and-honey-sherman-murder-investigation-has-interviewed-few-witnesses-in-almost-2-years-cops-are-focused-on-reviewing-video-and-data-to-catch-the-killer.html,,,,,,,
2020-01-18,Traffic,The Star,Toronto firefighter charged after girl struck at pedestrian crossover,https://www.thestar.com/news/gta/2020/01/17/toronto-firefighter-charged-after-girl-struck-at-pedestrian-crossover.html,,,,,,,
2020-01-18,Traffic,The Star,Pedestrian pinned under car after she’s struck by driver in North York parking lot,https://www.thestar.com/news/gta/2020/01/17/pedestrian-suffers-critical-injuries-after-shes-struck-by-driver-in-north-york-parking-lot.html,,,,,,,
2020-01-19,Community Policing & Demographics,The Star,The proof was on his phone the whole time. The story of one Toronto man’s wrongful conviction,https://www.thestar.com/news/gta/2020/01/18/the-proof-was-on-his-phone-the-whole-time-the-story-of-one-toronto-mans-wrongful-conv,,,,,,,
2020-01-19,Traffic,The Star,Police report 250 collisions as snowstorm hits Toronto,https://www.thestar.com/news/gta/2020/01/18/police-report-250-collisions-as-snowstorm-hits-toronto.html,,,,,,,
2020-01-21,Violent Crime,The Star,Teen dead after shooting near Markham and Ellesmere,https://www.thestar.com/news/gta/2020/01/20/man-dead-after-shooting-near-markham-and-ellesmere.html,,,,,,,
2020-01-21,Community Policing & Demographics,The Star,"Scarborough homicide victim ‘like a second mother,’ says family friend",https://www.thestar.com/news/crime/2020/01/20/scarborough-homicide-victim-like-a-second-mother-says-family-friend.html,,,,,,,
2020-01-21,Violent Crime,The Star,Ex-husband wanted in murder of 28-year-old Heeral Patel is found dead in Toronto,https://www.thestar.com/news/gta/2020/01/20/ex-husband-wanted-in-murder-of-28-year-old-heeral-patel-is-found-dead-in-toronto.html,,,,,,,
2020-01-21,Persons in Crisis,The Star,University of Toronto needs to do more to address the controversial practice of handcuffing students seeking help,https://www.thestar.com/opinion/star-columnists/2020/01/20/university-of-toronto-needs-to-do-more-when-it-comes-to-controversial-practice-of-handcuffing-of-students-seeking-help.html,,,,,,,
2020-01-22,Violent Crime,The Star,"Killing of ‘completely innocent’ 15-year-old boy near Woburn high school leaves family devastated, community mourning",https://www.thestar.com/news/gta/2020/01/21/15-year-old-victim-killed-near-woburn-high-school-was-completely-innocent.html,,,,,,,
2020-01-22,Violent Crime,The Star,Seven Toronto teens who were murdered in 2019,https://www.thestar.com/news/gta/2020/01/21/seven-toronto-teens-who-were-murdered-in-2019.html,,,,,,,
2020-01-22,Community Policing & Demographics,The Star,Ontario’s human rights watchdog made a shortlist for new commissioners. Doug Ford picked two of his own instead,https://www.thestar.com/politics/provincial/2020/01/21/ontarios-human-rights-watchdog-made-a-shortlist-for-new-commissioners-doug-ford-picked-two-of-his-own-instead.html,,,,,,,
2020-01-22,Community Policing & Demographics,The Star,New member of Toronto Police Services Board is a ‘big proponent of community policing’,https://www.thestar.com/news/gta/2020/01/21/new-member-of-toronto-police-services-board-is-a-big-proponent-of-community-policing.html,,,,,,,
2020-01-22,Community Policing & Demographics,The Star,"Ex-Toronto cop James Forcillo granted full parole, four years after attempted murder conviction in death of Sammy Yatim",https://www.thestar.com/news/gta/2020/01/21/ex-toronto-cop-james-forcillo-granted-full-parole-four-years-after-attempted-murder-conviction-in-death-of-sammy-yatim.html,,,,,,,
2020-01-22,Traffic,The Star,Two pedestrians killed in separate collisions in GTA on Tuesday morning,https://www.thestar.com/news/gta/2020/01/21/pedestrian-struck-and-killed-by-truck-driver-in-a-hit-and-run-in-north-york.html,,,,,,,
2020-01-22,Community Policing & Demographics,The Star,Police arrest man after investigation of taxi scam involving debit cards,https://www.thestar.com/news/gta/2020/01/21/police-arrest-man-after-investigation-of-taxi-scam-involving-debit-cards.html,,,,,,,
2020-01-23,Community Policing & Demographics,The Star,Toronto cop named to human rights watchdog by Premier Doug Ford breaks silence on controversial appointment,https://www.thestar.com/politics/provincial/2020/01/22/toronto-cop-named-to-human-rights-watchdog-by-premier-doug-ford-defends-controversial-appointment.html,,,,,,,
2020-01-23,Violent Crime,The Star,Woman in life-threatening condition after stabbing near York University,https://www.thestar.com/news/gta/2020/01/22/woman-in-life-threatening-condition-after-stabbing-near-york-university.html,,,,,,,
2020-01-23,Violent Crime,The Star,"‘He didn’t deserve to die.’ Family, community mourn 15-year-old gunned down near Scarborough school",https://www.thestar.com/news/gta/2020/01/22/he-didnt-deserve-to-die-family-community-mourn-15-year-old-gunned-down-near-scarborough-school.html,,,,,,,
2020-01-23,Violent Crime,The Star,Outrageous to grant early parole to police officer who killed Sammy Yatim,https://www.thestar.com/opinion/contributors/2020/01/22/outrageous-to-grant-early-parole-to-police-officer-who-killed-sammy-yatim.html,,,,,,,
2020-01-23,Community Policing & Demographics,The Star,Olivia Nuamah no longer head of Pride Toronto,https://www.thestar.com/news/gta/2020/01/21/olivia-nuamah-no-longer-head-of-pride-toronto.html,,,,,,,
2020-01-24,Violent Crime,The Star,"‘The whole street is left in sadness’: 54-year-old woman found dead in Oakwood-Vaughan home was victim of homicide, police say",https://www.thestar.com/news/gta/2020/01/23/the-whole-street-is-left-in-sadness-54-year-old-woman-found-dead-in-oakwood-vaughan-home-was-victim-of-homicide-police-say.html,,,,,,,
2020-01-24,Community Policing & Demographics,The Star,Black legal clinic fears the integrity of the human rights commission has been compromised by the Ford government,https://www.thestar.com/politics/provincial/2020/01/23/black-legal-clinic-fears-the-integrity-of-the-human-rights-commission-has-been-compromised-by-the-ford-government.html,,,,,,,
2020-01-25,Violent Crime,The Star,Police charge man with first-degree murder five days after Scarborough apartment fire,https://www.thestar.com/news/crime/2020/01/24/police-charge-man-with-first-degree-murder-five-days-after-scarborough-apartment-fire.html,,,,,,,
2020-01-25,Violent Crime,The Star,Toronto behavioural therapist charged with assault of eight-year-old boy,https://www.thestar.com/news/gta/2020/01/24/toronto-behavioural-therapist-charged-with-assault-of-eight-year-old-boy.html,,,,,,,
2020-01-25,Violent Crime,The Star,Accused in Tess Richey case pleads not guilty to first-degree murder,https://www.thestar.com/news/gta/2020/01/24/accused-in-tess-richey-case-pleads-not-guilty-to-first-degree-murder.html,,,,,,,
2020-01-25,Community Policing & Demographics,The Star,Ford defends ‘phenomenal’ appointment of Toronto police officer to Human Rights Commission,https://www.thestar.com/politics/provincial/2020/01/24/ford-defends-phenomenal-appointment-of-toronto-police-officer-to-human-rights-commission.html,,,,,,,
2020-01-25,Community Policing & Demographics,The Star,"Ryerson ‘has lost confidence’ in student union, drops RSU as official student government",https://www.thestar.com/news/gta/2020/01/24/ryerson-has-lost-confidence-in-student-union-drops-rsu-as-official-student-government.html,,,,,,,
2020-01-27,Violent Crime,The Star,A 28-year-old man shot in Scarborough Saturday night is the sixth homicide of the year,https://www.thestar.com/news/gta/2020/01/26/a-28-year-old-man-shot-in-scarborough-saturday-night-is-the-sixth-homicide-of-the-year.html,,,,,,,
2020-01-28,Staffing & Workload,The Star,"New shift schedule gives officers more time for crime prevention, traffic enforcement, Toronto police say",https://www.thestar.com/news/gta/2020/01/27/new-shift-schedule-gives-officers-more-time-for-crime-prevention-traffic-enforcement-toronto-police-say.html,,,,,,,
2020-01-28,Community Policing & Demographics,The Star,The Big Debate: Is the assault weapon buyback a misguided idea?,https://www.thestar.com/opinion/contributors/thebigdebate/2020/01/28/is-the-assault-weapon-buyback-a-misguided-idea.html,,,,,,,
2020-01-28,Community Policing & Demographics,The Star,"Police seek suspect after ‘unknown substance’ placed in bottles of Coke, ketchup at Runnymede and Annette convenience store",https://www.thestar.com/news/gta/2020/01/27/police-seek-suspect-after-unknown-substance-placed-in-bottles-of-coke-ketchup-at-runnymede-and-annette-convenience-store.html,,,,,,,
2020-01-29,Community Policing & Demographics,The Star,GTA mayors and police chiefs call for smarter investment on ‘unacceptable’ youth gun violence,https://www.thestar.com/news/gta/2020/01/28/gta-mayors-and-police-chiefs-call-for-smarter-investment-on-unacceptable-youth-gun-violence.html,,,,,,,
2020-01-29,Traffic,The Star,"76-year-old pedestrian killed in west-end collision, woman in life-threatening condition after Scarborough crash",https://www.thestar.com/news/gta/2020/01/28/76-year-old-pedestrian-killed-in-west-end-collision.html,,,,,,,
2020-01-29,Community Policing & Demographics,The Star,"Facial recognition technology poses ‘enormous’ potential for abuse, NDP says",https://www.thestar.com/politics/federal/2020/01/28/facial-recognition-technology-poses-enormous-potential-for-abuse-ndp-says.html,,,,,,,
2020-01-30,Violent Crime,The Star,Toronto police charge Hamilton man in alleged phone fraud scam,https://www.thestar.com/news/crime/2020/01/29/toronto-police-charge-hamilton-man-in-alleged-phone-fraud-scam.html,,,,,,,
2020-01-30,Violent Crime,The Star,What led to Dafonte Miller’s ‘horrific’ eye injury? Theriault brothers’ trial closes with perjury claims,https://www.thestar.com/news/gta/2020/01/29/closing-arguments-begin-today-in-trial-of-michael-and-christian-theriault-accused-of-beating-dafonte-miller.html,,,,,,,
2020-01-30,Community Policing & Demographics,The Star,"Ford government has floated giving itself more control over judicial appointments, documents reveal",https://www.thestar.com/news/gta/2020/01/29/ford-government-has-floated-giving-itself-more-control-over-judicial-appointments-documents-reveal.html,,,,,,,
2020-01-31,Missing Persons,The Star,"Tess Richey was killed after she refused sex, Crown argues at opening of Toronto murder trial",https://www.thestar.com/news/gta/2020/01/30/trial-to-begin-today-for-man-accused-of-killing-tess-richey.html,,,,,,,
2020-01-31,Missing Persons,The Star,Tess Richey’s death roiled Toronto. Here’s what you need to know as the trial starts for man accused of killing her,https://www.thestar.com/news/gta/2020/01/30/tess-richeys-death-roiled-toronto-heres-what-you-need-to-know-as-the-trial-starts-for-man-accused-of-killing-her.html,,,,,,,
2020-02-04,Violent Crime,The Star,Toronto rap artist among three killed in downtown Airbnb Friday. He collaborated with a local rapper killed recently in B.C.,https://www.thestar.com/news/gta/2020/02/03/toronto-rap-artist-among-three-killed-in-downtown-airbnb-friday-he-collaborated-with-a-local-rapper-killed-recently-in-bc.html,,,,,,,
2020-02-04,Community Policing & Demographics,The Star,‘It’s good to see the city invest in communities again’: Tory’s promise for $6 million to youth programs brings hope of shift on gun violence,https://www.thestar.com/news/gta/2020/02/03/days-after-airbnb-killings-mayor-tory-pledges-6-million-in-new-money-for-youth-violence-prevention.html,,,,,,,
2020-02-04,Violent Crime,The Star,"Man shot by Toronto police last month has died, SIU says",https://www.thestar.com/news/gta/2020/02/03/man-shot-by-toronto-police-last-month-has-died-siu-says.html,,,,,,,
2020-02-04,Missing Persons,The Star,What’s happened so far at the trial of the man accused of Tess Richey’s downtown Toronto murder,https://www.thestar.com/news/gta/2020/02/03/whats-happened-so-far-at-the-trial-of-the-man-accused-of-tess-richeys-downtown-toronto-murder.html,,,,,,,
2020-02-03,Violent Crime,The Star,Councillor calls on short-term rental operators to delist ‘ghost hotels’ after three killed in shooting at Toronto Airbnb,https://www.thestar.com/news/gta/2020/02/01/city-calls-on-short-rental-operators-to-delist-ghost-hotels-after-triple-homicide-at-downtown-airbnb.html,,,,,,,
2020-02-02,Violent Crime,The Star,"Arizona fugitive arrested by Toronto police, extradited back to U.S.",https://www.thestar.com/news/world/us/2020/02/01/digital-footprints-lead-cops-to-arizona-fugitive-in-canada.html,,,,,,,
2020-02-01,Violent Crime,The Star,"Three dead, two injured in shooting at Airbnb rental in downtown Toronto",https://www.thestar.com/news/gta/2020/01/31/four-injured-possibly-two-in-life-threatening-condition-after-shooting-downtown.html,,,,,,,
2020-02-01,Violent Crime,The Star,Toronto van attack driver Alek Minassian’s trial will begin April 6,https://www.thestar.com/news/gta/2020/01/31/toronto-van-attack-driver-alek-minassians-trial-will-begin-april-6.html,,,,,,,
2020-02-01,Missing Persons,The Star,Sister describes family’s discovery of Tess Richey’s body at murder trial,https://www.thestar.com/news/gta/2020/01/31/sister-describes-familys-discovery-of-tess-richeys-body-at-murder-trial.html,,,,,,,
2020-02-05,Violent Crime,The Star,"Initial evidence suggests Airbnb shooting was a murder-suicide, police say",https://www.thestar.com/news/gta/2020/02/04/initial-evidence-suggests-airbnb-shooting-was-a-murder-suicide-police-say.html,,,,,,,
2020-02-05,Community Policing & Demographics,The Star,Toronto council should back plan to fight youth violence,https://www.thestar.com/opinion/editorials/2020/02/04/toronto-council-should-back-plan-to-fight-youth-violence.html,,,,,,,
2020-02-05,Missing Persons,The Star,Homicide victim Tess Richey’s friend describes night out together in Toronto’s gay village,https://www.thestar.com/news/gta/2020/02/04/tess-richeys-friend-describes-night-out-together-in-torontos-gay-village.html,,,,,,,
2020-02-06,Violent Crime,The Star,Scarborough’s Cedarbrae Collegiate Institute lockdown lifted after nearby shooting,https://www.thestar.com/news/gta/2020/02/05/scarboroughs-cedarbrae-collegiate-institute-in-lockdown-after-shooting.html,,,,,,,
2020-02-06,Missing Persons,The Star,"Undercover cops discussed Magic: The Gathering to convince accused killer to describe Tess Richey’s last hours, trial hears","Toronto Star: Undercover cops discussed Magic: The Gathering to convince accused killer to describe Tess Richey’s last hours, trial hears",,,,,,,
2020-02-07,Violent Crime,The Star,Man sustains ‘life-altering’ injuries after he is stabbed with scissors on TTC bus,https://www.thestar.com/news/gta/2020/02/06/man-sustains-life-altering-injuries-after-he-is-stabbed-with-scissors-on-ttc-bus.html,,,,,,,
2020-02-07,Missing Persons,The Star,Man accused of abducting toddler and fleeing to the U.S. in 1987 returns to Toronto to face charge,https://www.thestar.com/news/gta/2020/02/06/man-accused-of-abducting-toddler-and-fleeing-to-the-us-in-1987-returns-to-toronto-to-face-charge.html,,,,,,,
2020-02-07,Community Policing & Demographics,The Star,"Toronto police had no right to seize hidden bedside camera from Airbnb condo, judge rules",https://www.thestar.com/news/gta/2020/02/06/toronto-police-had-no-right-to-seize-hidden-bedside-camera-from-airbnb-condo-judge-rules.html,,,,,,,
2020-02-07,Traffic,The Star,"Car crash in Scarborough leaves girl, 15, with life-threatening injuries; man charged",https://www.thestar.com/news/gta/2020/02/06/car-crash-in-scarborough-leaves-girl-15-with-life-threatening-injuries.html,,,,,,,
2020-02-08,Persons in Crisis,The Star,Veteran officer remembered as ‘great guy’ and mentor following apparent suicide at Toronto police HQ,https://www.thestar.com/news/gta/2020/02/07/toronto-police-grieves-loss-of-veteran-police-officer.html,,,,,,,
2020-02-08,Community Policing & Demographics,The Star,Toronto police seeking SUV driver after death of 93-year-old woman in Leslieville,https://www.thestar.com/news/gta/2020/02/07/toronto-police-seeking-suv-driver-after-death-of-93-year-old-woman-in-leslieville.html,,,,,,,
2020-02-08,Violent Crime,The Star,One man dead after shooting in Etobicoke,https://www.thestar.com/news/gta/2020/02/07/one-man-in-life-threatening-condition-after-shooting-in-etobicoke.html,,,,,,,
2020-02-08,Violent Crime,The Star,York University instructor charged with sexual assault on TTC after viral social media post,https://www.thestar.com/news/gta/2020/02/07/york-university-instructor-charged-with-sexual-assault-on-ttc-after-viral-social-media-post.html,,,,,,,
2020-02-08,Violent Crime,The Star,"Posting on social media about sexual violence ‘empowers’ women, Instagram post on York University instructor shows",https://www.thestar.com/news/gta/2020/02/07/social-media-can-empower-women-to-speak-out-about-sexual-violence-viral-social-post-shows.html,,,,,,,
2020-02-08,Missing Persons,The Star,"Undercover cop has flawed memory, defence argues at Tess Richey murder trial",https://www.thestar.com/news/gta/2020/02/07/undercover-cop-has-flawed-memory-defence-argues-at-tess-richey-murder-trial.html,,,,,,,
2020-02-09,Violent Crime,The Star,Toronto police identify 29-year-old man as victim of Etobicoke shooting,https://www.thestar.com/news/gta/2020/02/08/toronto-police-identify-29-year-old-man-as-victim-of-etobicoke-shooting.html,,,,,,,
2020-02-11,Traffic,The Star,Man facing 24 charges after road rage incident involving pedestrian,https://www.thestar.com/news/gta/2020/02/10/man-facing-24-charges-after-road-rage-incident-involving-pedestrian.html,,,,,,,
2020-02-11,Community Policing & Demographics,The Star,State reviews LA police use of California gang database,https://www.thestar.com/news/world/us/2020/02/10/state-to-review-la-police-use-of-california-gang-database.html,,,,,,,
2020-02-12,Violent Crime,The Star,Toronto police charge two people with murder in death of Deandre Campbell-Kelly,https://www.thestar.com/news/crime/2020/02/11/toronto-police-charge-two-people-with-murder-in-death-of-deandre-campbell-kelly.html,,,,,,,
2020-02-12,Missing Persons,The Star,"Man who escaped Toronto psychiatric hospital found, say police",https://www.thestar.com/news/gta/2020/02/11/man-who-escaped-toronto-psychiatric-hospital-found-say-police.html,,,,,,,
2020-02-14,GIS,The Star,Toronto police chief halts use of controversial facial recognition tool,https://www.thestar.com/news/gta/2020/02/13/toronto-police-used-clearview-ai-an-incredibly-controversial-facial-recognition-tool.html,,,,,,,
2020-02-14,Community Policing & Demographics,The Star,"Ontario Human Rights Commission will remain independent, attorney general says",https://www.thestar.com/politics/provincial/2020/02/13/ontario-human-rights-commission-will-remain-independent-attorney-general-says.html,,,,,,,
2020-02-14,Community Policing & Demographics,The Star,"Toronto police seeking man who harassed, assaulted woman for wearing mask",https://www.thestar.com/news/crime/2020/02/13/toronto-police-seeking-man-who-harassed-assaulted-woman-for-wearing-mask.html,,,,,,,
2020-02-14,Violent Crime,The Star,It’s been two years since Bruce McArthur’s arrest. Has anything changed in Toronto’s gay community?,https://www.thestar.com/life/opinion/2020/02/14/its-been-two-years-since-bruce-mcarthurs-arrest-has-anything-changed-in-torontos-gay-community.html,,,,,,,
2020-02-15,Community Policing & Demographics,The Star,Peel and Halton police reveal they too used controversial facial recognition tool,https://www.thestar.com/news/gta/2020/02/14/peel-and-halton-police-reveal-they-too-used-controversial-facial-recognition-tool.html,,,,,,,
2020-02-15,Violent Crime,The Star,Man in serious condition after he was shot downtown,https://www.thestar.com/news/gta/2020/02/14/man-in-serious-condition-after-he-was-shot-downtown.html,,,,,,,
2020-02-15,Violent Crime,The Star,Police seek suspect in firearm investigation,https://www.thestar.com/news/gta/2020/02/14/police-seek-suspect-in-firearm-investigation.html,,,,,,,
2020-02-17,Traffic,The Star,Toronto police need to spend more time enforcing traffic laws,https://www.thestar.com/opinion/editorials/2020/02/16/toronto-police-need-to-spend-more-time-enforcing-traffic-laws.html,,,,,,,
2020-02-18,Community Policing & Demographics,The Star,Toronto police board to mull donation to purchase new armoured vehicle,https://www.thestar.com/news/gta/2020/02/18/toronto-police-board-to-mull-donation-to-purchase-new-armoured-vehicle.html,,,,,,,
2020-02-19,Community Policing & Demographics,The Star,Police called to premier’s home to investigate ‘suspicious package’,https://www.thestar.com/news/gta/2020/02/18/police-called-to-premiers-home-to-investigate-suspicious-package.html,,,,,,,
2020-02-19,Community Policing & Demographics,The Star,"Contractors’ association behind $275,000 offer to donate armoured vehicle to Toronto police",https://www.thestar.com/news/gta/2020/02/18/contractors-association-behind-offer-to-donate-armoured-vehicle-to-toronto-police.html,,,,,,,
2020-02-19,Community Policing & Demographics,The Star,‘When justice fails block the rails’ — Wet’suwet’en solidarity protest weaves through Toronto,https://www.thestar.com/news/gta/2020/02/17/wetsuweten-solidarity-protest-weaves-through-toronto.html,,,,,,,
2020-02-20,Violent Crime,The Star,Man charged after woman wearing mask on TTC bus allegedly assaulted,https://www.thestar.com/news/crime/2020/02/19/man-charged-after-woman-wearing-mask-on-ttc-bus-was-assaulted.html,,,,,,,
2020-02-20,Race-Based Data Collection,The Star,"Toronto must do more to respond to MMIWG inquiry’s calls for justice, city report says",https://www.thestar.com/news/city_hall/2020/02/19/toronto-must-do-more-to-respond-to-mmiwg-inquirys-calls-for-justice-city-report-says.html,,,,,,,
2020-02-20,Community Policing & Demographics,The Star,Contractors’ association withdraws offer to fund new armoured car for Toronto police Emergency Task Force,https://www.thestar.com/news/gta/2020/02/19/contractors-association-withdraws-offer-to-fund-new-armoured-car-for-toronto-police-emergency-task-force.html,,,,,,,
2020-02-20,GIS,The Star,Is the facial recognition technology used by GTA police illegal?,https://www.thestar.com/news/gta/2020/02/20/did-police-break-the-law-by-using-controversial-face-recognition-app.html,,,,,,,
2020-02-21,Violent Crime,The Star,"Video shows Schlatter, Richey walking together on night she went missing",https://www.thestar.com/news/gta/2020/02/20/video-shows-schlatter-richey-walking-together-on-night-she-went-missing.html,,,,,,,
2020-02-22,Violent Crime,The Star,Homicide unit investigating after a woman dies in Scarborough shooting,https://www.thestar.com/news/gta/2020/02/21/one-dies-in-scarborough-shooting.html,,,,,,,
2020-02-22,Staffing & Workload,The Star,"Judge tosses heroin case after finding Toronto cop repeatedly misled court, ignored a subpoena then retired and left for Italy",https://www.thestar.com/news/gta/2020/02/21/judge-tosses-heroin-case-after-finding-toronto-cop-repeatedly-misled-court-ignored-a-subpoena-retired-and-left-for-italy.html,,,,,,,
2020-02-22,Violent Crime,The Star,Schlatter’s lawyers draw attention to other man seen on night Tess Richey disappeared,https://www.thestar.com/news/gta/2020/02/21/schattlers-lawyers-draw-attention-to-other-man-seen-on-night-tess-richey-disappeared.html,,,,,,,
2020-02-22,Community Policing & Demographics,The Star,"Privacy commissioners launch investigation into facial recognition technology tested by Toronto police, other GTA forces",https://www.thestar.com/news/gta/2020/02/20/privacy-commissioners-launch-investigation-into-facial-recognition-technology-tested-by-toronto-police-other-gta-forces.html,,,,,,,
2020-02-23,Violent Crime,The Star,Man charged with first-degree murder after fatal hammer attack in Scarborough,https://www.thestar.com/news/gta/2020/02/22/man-charged-with-first-degree-murder-after-fatal-hammer-attack-in-scarborough.html,,,,,,,
2020-02-23,Violent Crime,The Star,"No one injured after shooting in the Bridle Path, Toronto police say",https://www.thestar.com/news/gta/2020/02/22/no-one-injured-after-shooting-in-the-bridle-path-toronto-police-say.html,,,,,,,
2020-02-23,Traffic,The Star,Would enforcing traffic laws make our streets safer?,https://www.thestar.com/opinion/letters_to_the_editors/2020/02/22/would-enforcing-traffic-laws-make-our-streets-safer.html,,,,,,,
2020-02-23,Community Policing & Demographics,The Star,Police chiefs say facial recognition needs more review — but cops should be able to use AI,https://www.thestar.com/news/gta/2020/02/22/police-chiefs-say-facial-recognition-needs-more-review-but-cops-should-be-able-to-use-ai.html,,,,,,,
2020-02-24,Violent Crime,The Star,"Woman in her 40s in serious condition following shooting in Toronto, police say",https://www.thestar.com/news/gta/2020/02/23/woman-in-her-40s-in-serious-condition-following-shooting-in-toronto-police-say.html,,,,,,,
2020-02-24,Violent Crime,The Star,Man in 40s seriously injured after shooting in Scarborough,https://www.thestar.com/news/gta/2020/02/23/man-in-40s-suffers-serious-injuries-after-shooting-in-scarborough.html,,,,,,,
2020-02-24,Community Policing & Demographics,The Star,We need a stop to ‘facial fingerprinting’ by police,https://www.thestar.com/opinion/editorials/2020/02/24/we-need-a-stop-to-facial-fingerprinting-by-police.html,,,,,,,
2020-02-25,Violent Crime,The Star,"One dead, two injured in Downsview stabbing, Toronto police say",https://www.thestar.com/news/crime/2020/02/24/one-dead-two-injured-in-downsview-stabbing-toronto-police-say.html,,,,,,,
2020-02-25,Traffic,The Star,"Pedestrian, 79, dead in Sunday collision, Toronto police say",https://www.thestar.com/news/gta/2020/02/24/toronto-police-seeking-witnesses-after-fatal-collision-sunday.html,,,,,,,
2020-02-26,Violent Crime,The Star,17-year-old boy charged with murder in Downsview triple stabbing,https://www.thestar.com/news/crime/2020/02/25/17-year-old-boy-charged-with-murder-in-downsview-triple-stabbing.html,,,,,,,
2020-02-26,Violent Crime,The Star,Toronto man faces terrorism charge after deadly hammer attack,https://www.thestar.com/news/gta/2020/02/25/toronto-man-faces-terrorism-charge-after-deadly-hammer-attack.html,,,,,,,
2020-02-26,Community Policing & Demographics,The Star,GO Transit tracks open in Toronto as police remove and arrest demonstrators overnight,https://www.thestar.com/news/gta/2020/02/26/go-transit-tracks-open-in-toronto-as-police-remove-and-arrest-demonstrators-overnight.html,,,,,,,
2020-02-26,Community Policing & Demographics,The Star,Toronto feels the pain of Wet’suwet’en solidarity blockades as protesters target rail lines,https://www.thestar.com/news/gta/2020/02/25/toronto-feels-the-pain-of-wetsuweten-solidarity-blockades-as-protesters-target-rail-lines.html,,,,,,,
2020-02-26,Community Policing & Demographics,The Star,Toronto guns-and-gangs officer on mental health toll of the job: ‘Sometimes career suicide’s better than the other one’,https://www.thestar.com/news/gta/2020/02/25/sometimes-career-suicides-better-than-the-other-one.html,,,,,,,
2020-02-27,Violent Crime,The Star,Man pleads guilty in Toronto police’s largest gun seizure. He was caught with 60 handguns smuggled from Florida,https://www.thestar.com/news/gta/2020/02/26/man-pleads-guilty-in-toronto-polices-largest-gun-seizure-he-was-caught-with-60-handguns-smuggled-from-florida.html,,,,,,,
2020-02-27,Violent Crime,The Star,North York woman killed in stabbing at spa was a ‘loving mother’ who had ‘contagious’ smile,https://www.thestar.com/news/gta/2020/02/26/north-york-woman-killed-in-stabbing-at-spa-was-a-loving-mother-who-had-contagious-smile.html,,,,,,,
2020-02-27,Violent Crime,The Star,What’s happened so far at the trial of the man accused of Tess Richey’s downtown Toronto murder,https://www.thestar.com/news/gta/2020/02/26/whats-happened-so-far-at-the-trial-of-the-man-accused-of-tess-richeys-downtown-toronto-murder.html,,,,,,,
2020-02-28,Overdoses & Cannabis,The Star,Toronto police warn of potentially deadly drug mixture after spike in overdoses,https://www.thestar.com/news/city_hall/2020/02/27/toronto-police-warn-of-potentially-deadly-drug-mixture-after-spike-in-overdoses.html,,,,,,,
2020-02-28,Violent Crime,The Star,"In a few seconds of grainy video, a Toronto jury sees Tess Richey’s last public moments with an accused killer",https://www.thestar.com/news/gta/2020/02/27/in-a-few-seconds-of-grainy-video-a-toronto-jury-sees-tess-richeys-last-public-moments-with-an-accused-killer.html,,,,,,,
2020-02-28,Community Policing & Demographics,The Star,Watch: Pilot injured after Ornge emergency helicopter hit with green laser,https://www.thestar.com/news/gta/2020/02/27/pilot-of-ornge-emergency-helicopter-injured-by-green-laser.html,,,,,,,
2020-02-28,Traffic,The Star,Wilson subway station evacuated due to suspicious package,https://www.thestar.com/news/gta/2020/02/27/wilson-subway-station-evacuated-due-to-suspicious-package.html,,,,,,,
2020-02-28,Community Policing & Demographics,The Star,Facial recognition app Clearview AI has been used far more widely in Canada than previously known,https://www.thestar.com/news/canada/2020/02/27/facial-recognition-app-clearview-ai-has-been-used-far-more-widely-in-canada-than-previously-known.html,,,,,,,
2020-02-29,Traffic,The Star,Pedestrian suffers serious injuries after he is struck by driver on King Street,https://www.thestar.com/news/gta/2020/02/28/ttc-rider-struck-by-driver-after-exiting-streetcar-on-king-street.html,,,,,,,
